{
    "mood": "angry",
    "instruments": {
        "Clarinet": {
            "pitch": [
                37.0,
                0,
                36.0,
                36.0,
                36.0,
                36.0,
                36.0,
                36.0,
                36.0,
                0,
                37.0,
                37.0,
                37.0,
                37.0,
                37.0,
                37.0,
                37.0
            ],
            "velocity": [
                51.0,
                0,
                51.0,
                51.0,
                51.0,
                51.0,
                51.0,
                51.0,
                51.0,
                0,
                51.0,
                51.0,
                51.0,
                51.0,
                51.0,
                51.0,
                51.0
            ],
            "duration": [
                0.03409090909090909,
                0,
                0.375,
                0.375,
                0.375,
                0.375,
                0.375,
                0.375,
                0.375,
                0,
                0.33409090909090905,
                0.33409090909090905,
                0.33409090909090905,
                0.33409090909090905,
                0.33409090909090905,
                0.33409090909090905,
                0.33409090909090905
            ],
            "tempo": [
                120.0,
                120.0,
                120.0,
                120.0,
                120.0,
                120.0,
                120.0,
                120.0,
                120.0,
                120.0,
                120.0,
                120.0,
                120.0,
                120.0,
                120.0,
                120.0,
                120.0
            ]
        },
        "Acoustic Bass": {
            "pitch": [
                36.0,
                36.0,
                36.0,
                36.0,
                36.0,
                36.0,
                36.0,
                36.0,
                0,
                37.0,
                37.0,
                37.0,
                37.0,
                37.0,
                37.0,
                37.0,
                0
            ],
            "velocity": [
                64.0,
                64.0,
                64.0,
                64.0,
                64.0,
                64.0,
                64.0,
                64.0,
                0,
                64.0,
                64.0,
                64.0,
                64.0,
                64.0,
                64.0,
                64.0,
                0
            ],
            "duration": [
                0.37727272727272726,
                0.37727272727272726,
                0.37727272727272726,
                0.37727272727272726,
                0.37727272727272726,
                0.37727272727272726,
                0.37727272727272726,
                0.37727272727272726,
                0,
                0.3659090909090909,
                0.3659090909090909,
                0.3659090909090909,
                0.3659090909090909,
                0.3659090909090909,
                0.3659090909090909,
                0.3659090909090909,
                0
            ],
            "tempo": [
                120.0,
                120.0,
                120.0,
                120.0,
                120.0,
                120.0,
                120.0,
                120.0,
                120.0,
                120.0,
                120.0,
                120.0,
                120.0,
                120.0,
                120.0,
                120.0,
                120.0
            ]
        },
        "Acoustic Grand Piano": {
            "pitch": [
                52.0,
                52.0,
                52.0,
                52.0,
                52.0,
                52.0,
                52.0,
                52.0,
                0,
                53.0,
                53.0,
                53.0,
                53.0,
                53.0,
                53.0,
                53.0,
                0
            ],
            "velocity": [
                51.0,
                51.0,
                51.0,
                51.0,
                51.0,
                51.0,
                51.0,
                51.0,
                0,
                51.0,
                51.0,
                51.0,
                51.0,
                51.0,
                51.0,
                51.0,
                0
            ],
            "duration": [
                0.37727272727272726,
                0.37727272727272726,
                0.37727272727272726,
                0.37727272727272726,
                0.37727272727272726,
                0.37727272727272726,
                0.37727272727272726,
                0.37727272727272726,
                0,
                0.3659090909090909,
                0.3659090909090909,
                0.3659090909090909,
                0.3659090909090909,
                0.3659090909090909,
                0.3659090909090909,
                0.3659090909090909,
                0
            ],
            "tempo": [
                120.0,
                120.0,
                120.0,
                120.0,
                120.0,
                120.0,
                120.0,
                120.0,
                120.0,
                120.0,
                120.0,
                120.0,
                120.0,
                120.0,
                120.0,
                120.0,
                120.0
            ]
        },
        "Harpsichord": {
            "pitch": [
                0,
                36.0,
                36.0,
                36.0,
                36.0,
                36.0,
                36.0,
                36.0,
                36.0,
                37.0,
                37.0,
                37.0,
                37.0,
                37.0,
                37.0,
                37.0,
                37.0
            ],
            "velocity": [
                0,
                51.0,
                51.0,
                51.0,
                51.0,
                51.0,
                51.0,
                51.0,
                51.0,
                51.0,
                51.0,
                51.0,
                51.0,
                51.0,
                51.0,
                51.0,
                51.0
            ],
            "duration": [
                0,
                0.3772727272727272,
                0.3772727272727272,
                0.3772727272727272,
                0.3772727272727272,
                0.3772727272727272,
                0.3772727272727272,
                0.3772727272727272,
                0.3772727272727272,
                0.3681818181818181,
                0.3681818181818181,
                0.3681818181818181,
                0.3681818181818181,
                0.3681818181818181,
                0.3681818181818181,
                0.3681818181818181,
                0.3681818181818181
            ],
            "tempo": [
                120.0,
                120.0,
                120.0,
                120.0,
                120.0,
                120.0,
                120.0,
                120.0,
                120.0,
                120.0,
                120.0,
                120.0,
                120.0,
                120.0,
                120.0,
                120.0,
                120.0
            ]
        }
    }
}