{
    "mood": "relaxed",
    "instruments": {
        "Vibraphone": {
            "pitch": [
                0,
                72.0,
                74.0,
                67.0,
                67.0,
                67.0,
                67.0,
                0,
                0,
                74.0,
                0,
                0,
                71.0,
                71.0,
                71.0,
                0,
                0,
                0,
                0,
                0,
                86.0,
                86.0,
                86.0,
                86.0,
                86.0,
                86.0,
                86.0,
                86.0,
                86.0,
                86.0,
                86.0,
                0
            ],
            "velocity": [
                0,
                51.0,
                51.0,
                51.0,
                51.0,
                51.0,
                51.0,
                0,
                0,
                51.0,
                0,
                0,
                51.0,
                51.0,
                51.0,
                0,
                0,
                0,
                0,
                0,
                51.0,
                51.0,
                51.0,
                51.0,
                51.0,
                51.0,
                51.0,
                51.0,
                51.0,
                51.0,
                51.0,
                0
            ],
            "duration": [
                0,
                0.03409090909090909,
                0.03409090909090909,
                0.18636363636363634,
                0.18636363636363634,
                0.18636363636363634,
                0.18636363636363634,
                0,
                0,
                0.034090909090909116,
                0,
                0,
                0.1863636363636364,
                0.1863636363636364,
                0.1863636363636364,
                0,
                0,
                0,
                0,
                0,
                0.5863636363636363,
                0.5863636363636363,
                0.5863636363636363,
                0.5863636363636363,
                0.5863636363636363,
                0.5863636363636363,
                0.5863636363636363,
                0.5863636363636363,
                0.5863636363636363,
                0.5863636363636363,
                0.5863636363636363,
                0
            ],
            "tempo": [
                120.0,
                120.0,
                120.0,
                120.0,
                120.0,
                120.0,
                120.0,
                120.0,
                120.0,
                120.0,
                120.0,
                120.0,
                120.0,
                120.0,
                120.0,
                120.0,
                120.0,
                120.0,
                120.0,
                120.0,
                120.0,
                120.0,
                120.0,
                120.0,
                120.0,
                120.0,
                120.0,
                120.0,
                120.0,
                120.0,
                120.0,
                120.0
            ]
        }
    }
}