{
    "mood": "angry",
    "instruments": {
        "Vibraphone": {
            "pitch": [
                0,
                0,
                0,
                0,
                66.0,
                66.0,
                66.0,
                66.0,
                66.0,
                66.0,
                66.0,
                0,
                0,
                0,
                0,
                67.0,
                67.0,
                67.0,
                67.0,
                67.0,
                67.0,
                67.0,
                0,
                0,
                0,
                74.0,
                74.0,
                74.0,
                74.0,
                74.0,
                74.0,
                74.0,
                0,
                0,
                0,
                0,
                70.0,
                70.0,
                70.0,
                70.0,
                70.0,
                70.0,
                70.0,
                0,
                0,
                0
            ],
            "velocity": [
                0,
                0,
                0,
                0,
                40.0,
                40.0,
                40.0,
                40.0,
                40.0,
                40.0,
                40.0,
                0,
                0,
                0,
                0,
                40.0,
                40.0,
                40.0,
                40.0,
                40.0,
                40.0,
                40.0,
                0,
                0,
                0,
                40.0,
                40.0,
                40.0,
                40.0,
                40.0,
                40.0,
                40.0,
                0,
                0,
                0,
                0,
                40.0,
                40.0,
                40.0,
                40.0,
                40.0,
                40.0,
                40.0,
                0,
                0,
                0
            ],
            "duration": [
                0,
                0,
                0,
                0,
                0.1681818181818182,
                0.1681818181818182,
                0.1681818181818182,
                0.1681818181818182,
                0.18181818181818177,
                0.18181818181818177,
                0.18181818181818177,
                0,
                0,
                0,
                0,
                0.16136363636363638,
                0.16136363636363638,
                0.16136363636363638,
                0.17727272727272725,
                0.17727272727272725,
                0.17727272727272725,
                0.17727272727272725,
                0,
                0,
                0,
                0.1681818181818182,
                0.1681818181818182,
                0.1681818181818182,
                0.1681818181818182,
                0.18409090909090908,
                0.18409090909090908,
                0.18409090909090908,
                0,
                0,
                0,
                0,
                0.16590909090909078,
                0.16590909090909078,
                0.16590909090909078,
                0.1840909090909093,
                0.1840909090909093,
                0.1840909090909093,
                0.1840909090909093,
                0,
                0,
                0
            ],
            "tempo": [
                120.0,
                120.0,
                120.0,
                120.0,
                120.0,
                120.0,
                120.0,
                120.0,
                120.0,
                120.0,
                120.0,
                120.0,
                120.0,
                120.0,
                120.0,
                120.0,
                120.0,
                120.0,
                120.0,
                120.0,
                120.0,
                120.0,
                120.0,
                120.0,
                120.0,
                120.0,
                120.0,
                120.0,
                120.0,
                120.0,
                120.0,
                120.0,
                120.0,
                120.0,
                120.0,
                120.0,
                120.0,
                120.0,
                120.0,
                120.0,
                120.0,
                120.0,
                120.0,
                120.0,
                120.0,
                120.0
            ]
        },
        "Harpsichord": {
            "pitch": [
                0,
                78.0,
                78.0,
                78.0,
                78.0,
                78.0,
                78.0,
                78.0,
                78.0,
                78.0,
                78.0,
                78.0,
                78.0,
                78.0,
                78.0,
                78.0,
                78.0,
                78.0,
                78.0,
                78.0,
                78.0,
                78.0,
                78.0,
                78.0,
                78.0,
                78.0,
                78.0,
                78.0,
                78.0,
                78.0,
                78.0,
                78.0,
                78.0,
                78.0,
                78.0,
                78.0,
                78.0,
                78.0,
                78.0,
                78.0,
                78.0,
                78.0,
                78.0,
                78.0,
                78.0,
                78.0
            ],
            "velocity": [
                0,
                40.0,
                40.0,
                40.0,
                40.0,
                40.0,
                40.0,
                40.0,
                40.0,
                40.0,
                40.0,
                40.0,
                40.0,
                40.0,
                40.0,
                40.0,
                40.0,
                40.0,
                40.0,
                40.0,
                40.0,
                40.0,
                40.0,
                40.0,
                40.0,
                40.0,
                40.0,
                40.0,
                40.0,
                40.0,
                40.0,
                40.0,
                40.0,
                40.0,
                40.0,
                40.0,
                40.0,
                40.0,
                40.0,
                40.0,
                40.0,
                40.0,
                40.0,
                40.0,
                40.0,
                40.0
            ],