{
    "track_id": "26 Shock",
    "mood": "angry",
    "instruments": {
        "Electric Piano 1": [
            {
                "start_time": 0.19772727272727272,
                "end_time": 6.8590909090909085,
                "pitch": 41,
                "velocity": 101,
                "duration": 6.661363636363636,
                "tempo": 120.0
            }
        ]
    }
}