{
    "track_id": "46 Shock",
    "mood": "angry",
    "instruments": {
        "Electric Piano 1": [
            {
                "start_time": 0.2568181818181818,
                "end_time": 6.893181818181818,
                "pitch": 41,
                "velocity": 101,
                "duration": 6.636363636363636,
                "tempo": 120.0
            }
        ]
    }
}