{
    "track_id": "10 Game Set (Won)",
    "mood": "happy",
    "instruments": {
        "Lead 2 (sawtooth)": [
            {
                "start_time": 22.15681818181818,
                "end_time": 22.336363636363636,
                "pitch": 52,
                "velocity": 64,
                "duration": 0.17954545454545467,
                "tempo": 120.0
            },
            {
                "start_time": 22.336363636363636,
                "end_time": 22.5,
                "pitch": 54,
                "velocity": 64,
                "duration": 0.16363636363636402,
                "tempo": 120.0
            }
        ]
    }
}