{
    "mood": "relaxed",
    "instruments": {
        "Harpsichord": {
            "pitch": [
                0,
                71.0,
                71.0,
                71.0,
                71.0,
                71.0,
                71.0,
                71.0,
                71.0,
                71.0,
                71.0,
                71.0,
                71.0,
                71.0,
                72.0,
                72.0,
                72.0,
                72.0,
                72.0,
                74.0,
                74.0,
                74.0
            ],
            "velocity": [
                0,
                64.0,
                64.0,
                64.0,
                64.0,
                64.0,
                64.0,
                64.0,
                64.0,
                64.0,
                64.0,
                64.0,
                64.0,
                64.0,
                64.0,
                64.0,
                64.0,
                64.0,
                64.0,
                64.0,
                64.0,
                64.0
            ],
            "duration": [
                0,
                0.2659090909090909,
                0.2659090909090909,
                0.2659090909090909,
                0.2659090909090909,
                0.2659090909090909,
                0.1340909090909091,
                0.1340909090909091,
                0.1340909090909091,
                0.13181818181818183,
                0.13181818181818183,
                0.13409090909090904,
                0.13409090909090904,
                0.13409090909090904,
                0.13409090909090915,
                0.13409090909090915,
                0.13409090909090915,
                0.13181818181818172,
                0.13181818181818172,
                0.13409090909090915,
                0.13409090909090915,
                0.13409090909090915
            ],
            "tempo": [
                120.0,
                120.0,
                120.0,
                120.0,
                120.0,
                120.0,
                120.0,
                120.0,
                120.0,
                120.0,
                120.0,
                120.0,
                120.0,
                120.0,
                120.0,
                120.0,
                120.0,
                120.0,
                120.0,
                120.0,
                120.0,
                120.0
            ]
        }
    }
}