{
    "mood": "happy",
    "instruments": {
        "Trumpet": {
            "pitch": [
                0,
                48.5,
                48.5,
                48.5,
                48.5,
                48.5,
                48.5,
                48.5,
                48.5,
                48.5,
                48.5,
                48.5,
                48.5,
                48.5,
                48.5,
                48.5,
                48.5,
                48.5,
                48.5,
                48.5,
                48.5,
                48.5,
                48.5,
                48.5,
                48.5,
                48.5,
                48.5,
                48.5,
                48.5,
                48.5,
                49.0,
                49.0,
                54.0,
                54.0,
                54.0,
                52.0,
                52.0,
                48.0,
                48.0,
                45.0,
                45.0
            ],
            "velocity": [
                0,
                64.0,
                64.0,
                64.0,
                64.0,
                64.0,
                64.0,
                64.0,
                64.0,
                64.0,
                64.0,
                64.0,
                64.0,
                64.0,
                64.0,
                64.0,
                64.0,
                64.0,
                64.0,
                64.0,
                64.0,
                64.0,
                64.0,
                64.0,
                64.0,
                64.0,
                64.0,
                64.0,
                64.0,
                64.0,
                64.0,
                64.0,
                64.0,
                64.0,
                64.0,
                64.0,
                64.0,
                64.0,
                64.0,
                64.0,
                64.0
            ],
            "duration": [
                0,
                0.9647727272727272,
                0.9647727272727272,
                0.9647727272727272,
                0.9647727272727272,
                0.9647727272727272,
                0.9647727272727272,
                0.9647727272727272,
                0.8761363636363635,
                0.8761363636363635,
                0.8761363636363635,
                0.834090909090909,
                0.834090909090909,
                0.834090909090909,
                0.834090909090909,
                0.8386363636363636,
                0.8386363636363636,
                0.8477272727272727,
                0.8477272727272727,
                0.8477272727272727,
                0.8477272727272727,
                0.8397727272727272,
                0.8397727272727272,
                0.8477272727272727,
                0.8477272727272727,
                0.8477272727272726,
                0.8477272727272726,
                0.8477272727272726,
                0.8488636363636364,
                0.8488636363636364,
                0.8397727272727271,
                0.8397727272727271,
                0.12045454545454537,
                0.12045454545454537,
                0.12045454545454537,
                0.11590909090909096,
                0.11590909090909096,
                0.10000000000000009,
                0.10000000000000009,
                0.11363636363636376,
                0.11363636363636376
            ],
            "tempo": [
                120.0,
                120.0,
                120.0,
                120.0,
                120.0,
                120.0,
                120.0,
                120.0,
                120.0,
                120.0,
                120.0,
                120.0,
                120.0,
                120.0,
                120.0,
                120.0,
                120.0,
                120.0,
                120.0,
                120.0,
                120.0,
                120.0,
                120.0,
                120.0,
                120.0,
                120.0,
                120.0,
                120.0,
                120.0,
                120.0,
                120.0,
                120.0,
                120.0,
                120.0,
                120.0,
                120.0,
                120.0,
                120.0,
                120.0,
                120.0,
                120.0
            ]
        }
    }
}