{
    "mood": "sad",
    "instruments": {
        "Clarinet": {
            "pitch": [
                67.0,
                67.0,
                67.0,
                79.0,
                79.0,
                79.0,
                69.0,
                69.0,
                83.0,
                83.0,
                83.0,
                81.66666666666667,
                81.66666666666667,
                77.66666666666667,
                77.66666666666667,
                77.66666666666667,
                82.33333333333333,
                82.33333333333333,
                77.0,
                77.0,
                77.0,
                75.75,
                75.75,
                78.75,
                78.75,
                78.75,
                76.25,
                76.25,
                80.0,
                80.0,
                80.0,
                78.75,
                78.75,
                75.75,
                75.75,
                75.75,
                79.25,
                79.25,
                77.0,
                77.0,
                77.0,
                75.0,
                75.0,
                77.4,
                77.4,
                77.4,
                75.4,
                75.4,
                78.4,
                78.4,
                78.4,
                77.4,
                77.4,
                77.4,
                75.0,
                75.0,
                77.8,
                77.8,
                77.8,
                76.0,
                76.0,
                75.0,
                75.0,
                75.0,
                77.4,
                77.4,
                75.4,
                75.4,
                77.5,
                77.5,
                77.5,
                73.66666666666667,
                73.66666666666667,
                69.66666666666667,
                69.66666666666667,
                69.66666666666667,
                74.33333333333333,
                74.33333333333333,
                72.0,
                72.0,
                67.0,
                67.0,
                67.0,
                79.0,
                79.0,
                69.0
            ],
            "velocity": [
                101.0,
                101.0,
                101.0,
                101.0,
                101.0,
                101.0,
                101.0,
                101.0,
                101.0,
                101.0,
                101.0,
                101.0,
                101.0,
                101.0,
                101.0,
                101.0,
                101.0,
                101.0,
                101.0,
                101.0,
                101.0,
                101.0,
                101.0,
                101.0,
                101.0,
                101.0,
                101.0,
                101.0,
                101.0,
                101.0,
                101.0,
                101.0,
                101.0,
                101.0,
                101.0,
                101.0,
                101.0,
                101.0,
                101.0,
                101.0,
                101.0,
                101.0,
                101.0,
                101.0,
                101.0,
                101.0,
                101.0,
                101.0,
                101.0,
                101.0,
                101.0,
                101.0,
                101.0,
                101.0,
                101.0,
                101.0,
                101.0,
                101.0,
                101.0,
                101.0,
                101.0,
                101.0,
                101.0,
                101.0,
                101.0,
                101.0,
                101.0,
                101.0,
                101.0,
                101.0,
                101.0,
                101.0,
                101.0,
                101.0,
                101.0,
                101.0,
                101.0,
                101.0,
                101.0,
                101.0,
                101.0,
                101.0,
                101.0,
                101.0,
                101.0,
                101.0
            ],
            "duration": [
                0.12954545454545455,
                0.12954545454545455,
                0.12954545454545455,
                0.12954545454545455,
                0.12954545454545455,
                0.12954545454545455,
                0.11363636363636365,
                0.11363636363636365,
                0.5727272727272728,
                0.5727272727272728,
                0.5727272727272728,
                0.7106060606060606,
                0.7106060606060606,
                0.7166666666666667,
                0.7166666666666667,
                0.7166666666666667,
                0.7090909090909091,
                0.7090909090909091,
                0.7875,
                0.7875,
                0.7875,
                0.7829545454545455,
                0.7829545454545455,
                0.7863636363636363,
                0.7863636363636363,
                0.7863636363636363,
                0.7829545454545455,
                0.7829545454545455,
                0.7863636363636364,
                0.7863636363636364,
                0.7863636363636364,
                0.7829545454545455,
                0.7829545454545455,
                0.7880681818181817,
                0.7880681818181817,
                0.7880681818181817,
                0.7835227272727272,
                0.7835227272727272,
                0.7874999999999999,
                0.7874999999999999,
                0.7874999999999999,
                0.8272727272727274,
                0.8272727272727274,
                0.8304545454545454,
                0.8304545454545454,
                0.8304545454545454,
                0.8322727272727274,
                0.8322727272727274,
                0.8277272727272728,
                0.8277272727272728,
                0.8277272727272728,
                0.8304545454545454,
                0.8304545454545454,
                0.8304545454545454,
                0.8263636363636362,
                0.8263636363636362,
                0.8295454545454544,
                0.8295454545454544,
                0.8295454545454544,
                0.8190909090909091,
                0.8190909090909091,
                0.8172727272727272,
                0.8172727272727272,
                0.8172727272727272,
                0.8136363636363635,
                0.8136363636363635,
                0.8168181818181818,
                0.8168181818181818,
                0.7664772727272725,
                0.7664772727272725,
                0.7664772727272725,
                0.6954545454545454,
                0.6954545454545454,
                0.6909090909090908,
                0.6909090909090908,
                0.6909090909090908,
                0.6954545454545453,
                0.6954545454545453,
                0.5454545454545454,
                0.5454545454545454,
                0.1295454545454544,
                0.1295454545454544,
                0.1295454545454544,
                0.12045454545454515,
                0.12045454545454515,
                0.01590909090909154
            ],