{
    "mood": "happy",
    "instruments": {
        "Trumpet": {
            "pitch": [
                0,
                78.0,
                78.0,
                78.0,
                78.0,
                78.0,
                78.0,
                79.0,
                85.0,
                85.0,
                86.0,
                86.0,
                86.0,
                86.0,
                86.0,
                86.0,
                86.0,
                86.0,
                86.0,
                86.0,
                86.0,
                86.0,
                86.0,
                86.0,
                86.0,
                85.66666666666667,
                85.66666666666667,
                85.66666666666667,
                85.0,
                85.0,
                85.0,
                85.0,
                85.0,
                85.0,
                85.0,
                85.0,
                85.0,
                84.6,
                84.6,
                84.6,
                84.6,
                84.6,
                84.6,
                85.0,
                85.0,
                85.0,
                84.5,
                84.5,
                84.5,
                85.0,
                85.0,
                85.0,
                84.0,
                84.0,
                84.0,
                84.5,
                84.5,
                84.5,
                84.33333333333333,
                84.33333333333333,
                84.33333333333333,
                85.0,
                85.0,
                79.0,
                79.0,
                79.0,
                79.0,
                74.5,
                74.5,
                74.5,
                75.5,
                75.5,
                75.5,
                78.0,
                78.0,
                78.0
            ],
            "velocity": [
                0,
                4.0,
                4.0,
                4.0,
                4.0,
                4.0,
                4.0,
                4.0,
                4.0,
                4.0,
                4.0,
                4.0,
                4.0,
                4.0,
                4.0,
                4.0,
                4.0,
                4.0,
                4.0,
                4.0,
                4.0,
                4.0,
                4.0,
                4.0,
                4.0,
                4.0,
                4.0,
                4.0,
                4.0,
                4.0,
                4.0,
                4.0,
                4.0,
                4.0,
                4.0,
                4.0,
                4.0,
                4.0,
                4.0,
                4.0,
                4.0,
                4.0,
                4.0,
                4.0,
                4.0,
                4.0,
                4.0,
                4.0,
                4.0,
                4.0,
                4.0,
                4.0,
                4.0,
                4.0,
                4.0,
                4.0,
                4.0,
                4.0,
                4.0,
                4.0,
                4.0,
                4.0,
                4.0,
                4.0,
                4.0,
                4.0,
                4.0,
                4.0,
                4.0,
                4.0,
                4.0,
                4.0,
                4.0,
                4.0,
                4.0,
                4.0
            ],
            "duration": [
                0,
                0.3090909090909091,
                0.3090909090909091,
                0.3090909090909091,
                0.3090909090909091,
                0.3090909090909091,
                0.3090909090909091,
                0.06590909090909092,
                0.0840909090909091,
                0.0840909090909091,
                1.4738636363636362,
                1.4738636363636362,
                1.4738636363636362,
                1.4738636363636362,
                1.4738636363636362,
                1.4738636363636362,
                1.6446969696969695,
                1.6446969696969695,
                1.6446969696969695,
                1.6446969696969695,
                1.6446969696969695,
                1.6446969696969695,
                1.5924242424242425,
                1.5924242424242425,
                1.5924242424242425,
                1.5901515151515149,
                1.5901515151515149,
                1.5901515151515149,
                1.3409090909090908,
                1.3409090909090908,
                1.3409090909090908,
                1.3409090909090908,
                1.3409090909090908,
                1.3409090909090908,
                1.1331818181818178,
                1.1331818181818178,
                1.1331818181818178,
                1.1663636363636363,
                1.1663636363636363,
                1.1663636363636363,
                1.1663636363636363,
                1.1663636363636363,
                1.1663636363636363,
                1.1054545454545455,
                1.1054545454545455,
                1.1054545454545455,
                1.2687499999999998,
                1.2687499999999998,
                1.2687499999999998,
                1.5909090909090906,
                1.5909090909090906,
                1.5909090909090906,
                1.268181818181818,
                1.268181818181818,
                1.268181818181818,
                0.8511363636363636,
                0.8511363636363636,
                0.8511363636363636,
                1.034090909090909,
                1.034090909090909,
                1.034090909090909,
                1.3545454545454543,
                1.3545454545454543,
                0.08409090909090944,
                0.14772727272727249,
                0.14772727272727249,
                0.14772727272727249,
                0.2988636363636361,
                0.2988636363636361,
                0.2988636363636361,
                0.30000000000000004,
                0.30000000000000004,
                0.30000000000000004,
                0.3011363636363633,
                0.3011363636363633,
                0.3011363636363633
            ],