{
    "mood": "happy",
    "instruments": {
        "Trumpet": {
            "pitch": [
                0,
                65.0,
                0,
                0,
                0,
                0,
                64.0,
                0,
                0,
                0,
                0,
                0,
                65.0,
                0,
                0,
                0,
                0,
                0,
                64.0,
                0,
                0,
                0,
                0,
                0,
                65.0,
                65.0,
                65.0,
                64.0,
                64.0,
                0,
                0,
                0,
                67.0,
                0,
                0,
                0,
                0,
                0,
                67.0,
                67.0,
                0,
                0,
                0,
                0,
                0,
                67.0,
                67.0,
                67.0
            ],
            "velocity": [
                0,
                80.0,
                0,
                0,
                0,
                0,
                80.0,
                0,
                0,
                0,
                0,
                0,
                80.0,
                0,
                0,
                0,
                0,
                0,
                80.0,
                0,
                0,
                0,
                0,
                0,
                80.0,
                80.0,
                80.0,
                80.0,
                80.0,
                0,
                0,
                0,
                80.0,
                0,
                0,
                0,
                0,
                0,
                80.0,
                80.0,
                0,
                0,
                0,
                0,
                0,
                80.0,
                80.0,
                80.0
            ],
            "duration": [
                0,
                0.05227272727272726,
                0,
                0,
                0,
                0,
                0.08181818181818179,
                0,
                0,
                0,
                0,
                0,
                0.08181818181818179,
                0,
                0,
                0,
                0,
                0,
                0.08181818181818179,
                0,
                0,
                0,
                0,
                0,
                0.08181818181818201,
                0.08181818181818179,
                0.08181818181818179,
                0.08181818181818179,
                0.08181818181818179,
                0,
                0,
                0,
                0.08863636363636362,
                0,
                0,
                0,
                0,
                0,
                0.08863636363636362,
                0.08863636363636362,
                0,
                0,
                0,
                0,
                0,
                0.18409090909090908,
                0.18409090909090908,
                0.18409090909090908
            ],
            "tempo": [
                120.0,
                120.0,
                120.0,
                120.0,
                120.0,
                120.0,
                120.0,
                120.0,
                120.0,
                120.0,
                120.0,
                120.0,
                120.0,
                120.0,
                120.0,
                120.0,
                120.0,
                120.0,
                120.0,
                120.0,
                120.0,
                120.0,
                120.0,
                120.0,
                120.0,
                120.0,
                120.0,
                120.0,
                120.0,
                120.0,
                120.0,
                120.0,
                120.0,
                120.0,
                120.0,
                120.0,
                120.0,
                120.0,
                120.0,
                120.0,
                120.0,
                120.0,
                120.0,
                120.0,
                120.0,
                120.0,
                120.0,
                120.0
            ]
        },
        "Lead 2 (sawtooth)": {
            "pitch": [
                0,
                36.0,
                36.0,
                48.0,
                36.0,
                36.0,
                36.0,
                36.0,
                48.0,
                48.0,
                36.0,
                36.0,
                36.0,
                36.0,
                48.0,
                48.0,
                36.0,
                36.0,
                36.0,
                36.0,
                48.0,
                48.0,
                36.0,
                36.0,
                36.0,
                36.0,
                36.0,
                36.0,
                0,
                0,
                36.0,
                36.0,
                0,
                0,
                0,
                0,
                0,
                36.0,
                0,
                0,
                0,
                0,
                0,
                36.0,
                36.0,
                36.0,
                36.0,
                0
            ],
            "velocity": [
                0,
                127.0,
                127.0,
                127.0,
                127.0,
                127.0,
                127.0,
                127.0,
                127.0,
                127.0,
                127.0,
                127.0,
                127.0,
                127.0,
                127.0,
                127.0,
                127.0,
                127.0,
                127.0,
                127.0,
                127.0,
                127.0,
                127.0,
                127.0,
                127.0,
                127.0,
                127.0,
                127.0,
                0,
                0,
                127.0,
                127.0,
                0,
                0,
                0,
                0,
                0,
                127.0,
                0,
                0,
                0,
                0,
                0,
                127.0,
                127.0,
                127.0,
                127.0,
                0
            ],