{
    "mood": "happy",
    "instruments": {
        "Electric Piano 1": {
            "pitch": [
                62.0,
                62.0,
                62.0,
                62.0,
                62.0,
                62.0,
                62.0,
                64.0,
                64.0,
                64.0,
                64.0,
                63.333333333333336,
                63.333333333333336,
                63.333333333333336,
                66.0,
                66.0,
                71.0,
                71.0,
                71.0
            ],
            "velocity": [
                101.0,
                101.0,
                101.0,
                101.0,
                101.0,
                101.0,
                101.0,
                101.0,
                101.0,
                101.0,
                101.0,
                101.0,
                101.0,
                101.0,
                101.0,
                101.0,
                101.0,
                101.0,
                101.0
            ],
            "duration": [
                0.20227272727272727,
                0.20227272727272727,
                0.20227272727272727,
                0.20227272727272727,
                0.20227272727272727,
                0.09999999999999998,
                0.09999999999999998,
                0.23636363636363636,
                0.23636363636363636,
                0.2977272727272727,
                0.2977272727272727,
                0.2977272727272727,
                0.2977272727272727,
                0.2977272727272727,
                0.26136363636363635,
                0.26136363636363635,
                0.13181818181818183,
                0.13181818181818183,
                0.13181818181818183
            ],
            "tempo": [
                120.0,
                120.0,
                120.0,
                120.0,
                120.0,
                120.0,
                120.0,
                120.0,
                120.0,
                120.0,
                120.0,
                120.0,
                120.0,
                120.0,
                120.0,
                120.0,
                120.0,
                120.0,
                120.0
            ]
        },
        "Vibraphone": {
            "pitch": [
                71.0,
                71.0,
                71.0,
                71.0,
                71.0,
                71.0,
                71.0,
                71.0,
                71.0,
                71.0,
                71.0,
                72.0,
                72.0,
                72.0,
                72.0,
                72.0,
                74.0,
                74.0,
                74.0
            ],
            "velocity": [
                64.0,
                64.0,
                64.0,
                64.0,
                64.0,
                64.0,
                64.0,
                64.0,
                64.0,
                64.0,
                64.0,
                64.0,
                64.0,
                64.0,
                64.0,
                64.0,
                64.0,
                64.0,
                64.0
            ],
            "duration": [
                0.20227272727272727,
                0.20227272727272727,
                0.20227272727272727,
                0.20227272727272727,
                0.20227272727272727,
                0.09999999999999998,
                0.09999999999999998,
                0.10454545454545455,
                0.10454545454545455,
                0.13181818181818178,
                0.13181818181818178,
                0.13181818181818183,
                0.13181818181818183,
                0.13181818181818183,
                0.12954545454545452,
                0.12954545454545452,
                0.13181818181818183,
                0.13181818181818183,
                0.13181818181818183
            ],
            "tempo": [
                120.0,
                120.0,
                120.0,
                120.0,
                120.0,
                120.0,
                120.0,
                120.0,
                120.0,
                120.0,
                120.0,
                120.0,
                120.0,
                120.0,
                120.0,
                120.0,
                120.0,
                120.0,
                120.0
            ]
        }
    }
}