{
    "mood": "happy",
    "instruments": {
        "French Horn": {
            "pitch": [
                0,
                83.0,
                83.0,
                83.0,
                83.0,
                83.0,
                81.0,
                81.0,
                79.0,
                79.0,
                79.0,
                79.0,
                0,
                79.0,
                81.0,
                81.0,
                81.0,
                83.0,
                83.0,
                83.0,
                84.0,
                84.0,
                84.0,
                84.0,
                84.0,
                84.0,
                84.0,
                84.0,
                84.0,
                84.0,
                0,
                84.0,
                84.0,
                84.0,
                84.0,
                84.0,
                84.0,
                84.0
            ],
            "velocity": [
                0,
                80.0,
                80.0,
                80.0,
                80.0,
                80.0,
                80.0,
                80.0,
                80.0,
                80.0,
                80.0,
                80.0,
                0,
                80.0,
                80.0,
                80.0,
                80.0,
                80.0,
                80.0,
                80.0,
                80.0,
                80.0,
                80.0,
                80.0,
                80.0,
                80.0,
                80.0,
                80.0,
                80.0,
                80.0,
                0,
                80.0,
                80.0,
                80.0,
                80.0,
                80.0,
                80.0,
                80.0
            ],
            "duration": [
                0,
                0.0659090909090909,
                0.18863636363636366,
                0.18863636363636366,
                0.18863636363636366,
                0.18863636363636366,
                0.08863636363636362,
                0.08863636363636362,
                0.1954545454545455,
                0.1954545454545455,
                0.1954545454545455,
                0.1954545454545455,
                0,
                0.04999999999999993,
                0.13181818181818183,
                0.13181818181818183,
                0.13181818181818183,
                0.13181818181818183,
                0.13181818181818183,
                0.13181818181818183,
                0.27954545454545443,
                0.27954545454545443,
                0.27954545454545443,
                0.27954545454545443,
                0.27954545454545443,
                0.27954545454545443,
                0.19772727272727275,
                0.19772727272727275,
                0.19772727272727275,
                0.19772727272727275,
                0,
                0.050000000000000044,
                0.2886363636363636,
                0.2886363636363636,
                0.2886363636363636,
                0.2886363636363636,
                0.2886363636363636,
                0.2886363636363636
            ],
            "tempo": [
                120.0,
                120.0,
                120.0,
                120.0,
                120.0,
                120.0,
                120.0,
                120.0,
                120.0,
                120.0,
                120.0,
                120.0,
                120.0,
                120.0,
                120.0,
                120.0,
                120.0,
                120.0,
                120.0,
                120.0,
                120.0,
                120.0,
                120.0,
                120.0,
                120.0,
                120.0,
                120.0,
                120.0,
                120.0,
                120.0,
                120.0,
                120.0,
                120.0,
                120.0,
                120.0,
                120.0,
                120.0,
                120.0
            ]
        },
        "Acoustic Bass": {
            "pitch": [
                0,
                47.0,
                47.0,
                47.0,
                47.0,
                47.0,
                47.0,
                47.0,
                43.0,
                43.0,
                43.0,
                43.0,
                43.0,
                43.0,
                43.0,
                43.0,
                43.0,
                43.0,
                43.0,
                43.0,
                48.0,
                48.0,
                48.0,
                48.0,
                48.0,
                48.0,
                48.0,
                48.0,
                48.0,
                48.0,
                0,
                48.0,
                48.0,
                48.0,
                48.0,
                48.0,
                48.0,
                48.0
            ],
            "velocity": [
                0,
                51.0,
                51.0,
                51.0,
                51.0,
                51.0,
                51.0,
                51.0,
                51.0,
                51.0,
                51.0,
                51.0,
                51.0,
                51.0,
                51.0,
                51.0,
                51.0,
                51.0,
                51.0,
                51.0,
                51.0,
                51.0,
                51.0,
                51.0,
                51.0,
                51.0,
                51.0,
                51.0,
                51.0,
                51.0,
                0,
                51.0,
                51.0,
                51.0,
                51.0,
                51.0,
                51.0,
                51.0
            ],
            "duration": [
                0,
                0.0659090909090909,
                0.18863636363636366,
                0.18863636363636366,
                0.18863636363636366,
                0.18863636363636366,
                0.08863636363636362,
                0.08863636363636362,
                0.2795454545454545,
                0.2795454545454545,
                0.2795454545454545,
                0.2795454545454545,
                0.2795454545454545,
                0.2795454545454545,
                0.27954545454545454,
                0.27954545454545454,
                0.27954545454545454,
                0.27954545454545454,
                0.27954545454545454,
                0.27954545454545454,
                0.27954545454545443,
                0.27954545454545443,
                0.27954545454545443,
                0.27954545454545443,
                0.27954545454545443,
                0.27954545454545443,
                0.19772727272727275,
                0.19772727272727275,
                0.19772727272727275,
                0.19772727272727275,
                0,
                0.050000000000000044,
                0.2886363636363636,
                0.2886363636363636,
                0.2886363636363636,
                0.2886363636363636,
                0.2886363636363636,
                0.2886363636363636
            ],