{
    "mood": "happy",
    "instruments": {
        "Trumpet": {
            "pitch": [
                0,
                0,
                66.0,
                0,
                66.0,
                0,
                73.0,
                73.0,
                73.0,
                73.0,
                70.0,
                70.0,
                70.0,
                70.0,
                70.0,
                70.0,
                73.0,
                73.0,
                73.0,
                73.0,
                73.0,
                73.0,
                78.0,
                78.0,
                78.0,
                78.0,
                78.0,
                78.0,
                78.0,
                78.0,
                78.0,
                78.0,
                78.0,
                78.0,
                78.0,
                78.0,
                78.0,
                78.0,
                78.0,
                78.0,
                78.0,
                78.0,
                78.0,
                78.0,
                78.0,
                78.0
            ],
            "velocity": [
                0,
                0,
                51.0,
                0,
                51.0,
                0,
                51.0,
                51.0,
                51.0,
                51.0,
                51.0,
                51.0,
                51.0,
                51.0,
                51.0,
                51.0,
                51.0,
                51.0,
                51.0,
                51.0,
                51.0,
                51.0,
                51.0,
                51.0,
                51.0,
                51.0,
                51.0,
                51.0,
                51.0,
                51.0,
                51.0,
                51.0,
                51.0,
                51.0,
                51.0,
                51.0,
                51.0,
                51.0,
                51.0,
                51.0,
                51.0,
                51.0,
                51.0,
                51.0,
                51.0,
                51.0
            ],
            "duration": [
                0,
                0,
                0.09090909090909091,
                0,
                0.09090909090909091,
                0,
                0.22499999999999998,
                0.22499999999999998,
                0.22499999999999998,
                0.22499999999999998,
                0.28181818181818186,
                0.28181818181818186,
                0.28181818181818186,
                0.28181818181818186,
                0.28181818181818186,
                0.28181818181818186,
                0.28181818181818186,
                0.28181818181818186,
                0.28181818181818186,
                0.28181818181818186,
                0.28181818181818186,
                0.28181818181818186,
                1.1931818181818183,
                1.1931818181818183,
                1.1931818181818183,
                1.1931818181818183,
                1.1931818181818183,
                1.1931818181818183,
                1.1931818181818183,
                1.1931818181818183,
                1.1931818181818183,
                1.1931818181818183,
                1.1931818181818183,
                1.1931818181818183,
                1.1931818181818183,
                1.1931818181818183,
                1.1931818181818183,
                1.1931818181818183,
                1.1931818181818183,
                1.1931818181818183,
                1.1931818181818183,
                1.1931818181818183,
                1.1931818181818183,
                1.1931818181818183,
                1.1931818181818183,
                1.1931818181818183
            ],
            "tempo": [
                120.0,
                120.0,
                120.0,
                120.0,
                120.0,
                120.0,
                120.0,
                120.0,
                120.0,
                120.0,
                120.0,
                120.0,
                120.0,
                120.0,
                120.0,
                120.0,
                120.0,
                120.0,
                120.0,
                120.0,
                120.0,
                120.0,
                120.0,
                120.0,
                120.0,
                120.0,
                120.0,
                120.0,
                120.0,
                120.0,
                120.0,
                120.0,
                120.0,
                120.0,
                120.0,
                120.0,
                120.0,
                120.0,
                120.0,
                120.0,
                120.0,
                120.0,
                120.0,
                120.0,
                120.0,
                120.0
            ]
        },
        "Electric Guitar (clean)": {
            "pitch": [
                78.0,
                78.0,
                78.0,
                78.0,
                85.0,
                85.0,
                85.0,
                85.0,
                82.0,
                82.0,
                82.0,
                82.0,
                82.0,
                82.0,
                85.0,
                85.0,
                85.0,
                85.0,
                85.0,
                85.0,
                90.0,
                90.0,
                90.0,
                90.0,
                90.0,
                90.0,
                90.0,
                90.0,
                90.0,
                90.0,
                90.0,
                90.0,
                90.0,
                90.0,
                90.0,
                90.0,
                90.0,
                90.0,
                90.0,
                90.0,
                90.0,
                90.0,
                90.0,
                90.0,
                0,
                0
            ],
            "velocity": [
                64.0,
                64.0,
                64.0,
                64.0,
                64.0,
                64.0,
                64.0,
                64.0,
                64.0,
                64.0,
                64.0,
                64.0,
                64.0,
                64.0,
                64.0,
                64.0,
                64.0,
                64.0,
                64.0,
                64.0,
                64.0,
                64.0,
                64.0,
                64.0,
                64.0,
                64.0,
                64.0,
                64.0,
                64.0,
                64.0,
                64.0,
                64.0,
                64.0,
                64.0,
                64.0,
                64.0,
                64.0,
                64.0,
                64.0,
                64.0,
                64.0,
                64.0,
                64.0,
                64.0,
                0,
                0
            ],