{
    "mood": "relaxed",
    "instruments": {
        "Harpsichord": {
            "pitch": [
                0,
                0,
                62.0,
                62.0,
                62.0,
                62.0,
                62.0,
                0,
                62.0,
                62.0,
                0,
                62.0,
                62.0,
                0,
                69.0,
                69.0,
                69.0,
                69.0,
                69.0,
                69.0,
                69.0,
                69.0,
                69.0,
                69.0,
                69.0,
                0,
                0
            ],
            "velocity": [
                0,
                0,
                51.0,
                51.0,
                51.0,
                51.0,
                51.0,
                0,
                51.0,
                51.0,
                0,
                51.0,
                51.0,
                0,
                51.0,
                51.0,
                51.0,
                51.0,
                51.0,
                51.0,
                51.0,
                51.0,
                51.0,
                51.0,
                51.0,
                0,
                0
            ],
            "duration": [
                0,
                0,
                0.26818181818181813,
                0.26818181818181813,
                0.26818181818181813,
                0.26818181818181813,
                0.26818181818181813,
                0,
                0.11818181818181817,
                0.11818181818181817,
                0,
                0.11818181818181817,
                0.11818181818181817,
                0,
                0.5681818181818182,
                0.5681818181818182,
                0.5681818181818182,
                0.5681818181818182,
                0.5681818181818182,
                0.5681818181818182,
                0.5681818181818182,
                0.5681818181818182,
                0.5681818181818182,
                0.5681818181818182,
                0.5681818181818182,
                0,
                0
            ],
            "tempo": [
                120.0,
                120.0,
                120.0,
                120.0,
                120.0,
                120.0,
                120.0,
                120.0,
                120.0,
                120.0,
                120.0,
                120.0,
                120.0,
                120.0,
                120.0,
                120.0,
                120.0,
                120.0,
                120.0,
                120.0,
                120.0,
                120.0,
                120.0,
                120.0,
                120.0,
                120.0,
                120.0
            ]
        }
    }
}