{
    "mood": "sad",
    "instruments": {
        "Acoustic Grand Piano": {
            "pitch": [
                0,
                75.0,
                0,
                70.0,
                66.0,
                65.0,
                65.0,
                65.0,
                65.0,
                65.0,
                65.0,
                65.0,
                65.0,
                65.0,
                65.0,
                65.0,
                65.0,
                65.0
            ],
            "velocity": [
                0,
                32.0,
                0,
                32.0,
                32.0,
                32.0,
                32.0,
                32.0,
                32.0,
                32.0,
                32.0,
                32.0,
                32.0,
                32.0,
                32.0,
                32.0,
                32.0,
                32.0
            ],
            "duration": [
                0,
                0.02272727272727272,
                0,
                0.020454545454545447,
                0.02954545454545454,
                0.6386363636363636,
                0.6386363636363636,
                0.6386363636363636,
                0.6386363636363636,
                0.6386363636363636,
                0.6386363636363636,
                0.6386363636363636,
                0.6386363636363636,
                0.6386363636363636,
                0.6386363636363636,
                0.6386363636363636,
                0.6386363636363636,
                0.6386363636363636
            ],
            "tempo": [
                120.0,
                120.0,
                120.0,
                120.0,
                120.0,
                120.0,
                120.0,
                120.0,
                120.0,
                120.0,
                120.0,
                120.0,
                120.0,
                120.0,
                120.0,
                120.0,
                120.0,
                120.0
            ]
        },
        "Acoustic Bass": {
            "pitch": [
                0,
                65.0,
                65.0,
                61.0,
                61.0,
                61.0,
                53.0,
                53.0,
                53.0,
                53.0,
                53.0,
                53.0,
                53.0,
                53.0,
                0,
                0,
                0,
                0
            ],
            "velocity": [
                0,
                51.0,
                51.0,
                51.0,
                51.0,
                51.0,
                51.0,
                51.0,
                51.0,
                51.0,
                51.0,
                51.0,
                51.0,
                51.0,
                0,
                0,
                0,
                0
            ],
            "duration": [
                0,
                0.10227272727272727,
                0.10227272727272727,
                0.1340909090909091,
                0.1340909090909091,
                0.1340909090909091,
                0.4022727272727273,
                0.4022727272727273,
                0.4022727272727273,
                0.4022727272727273,
                0.4022727272727273,
                0.4022727272727273,
                0.4022727272727273,
                0.4022727272727273,
                0,
                0,
                0,
                0
            ],
            "tempo": [
                120.0,
                120.0,
                120.0,
                120.0,
                120.0,
                120.0,
                120.0,
                120.0,
                120.0,
                120.0,
                120.0,
                120.0,
                120.0,
                120.0,
                120.0,
                120.0,
                120.0,
                120.0
            ]
        },
        "Flute": {
            "pitch": [
                0,
                65.0,
                65.0,
                61.0,
                61.0,
                61.0,
                53.0,
                53.0,
                53.0,
                53.0,
                53.0,
                53.0,
                53.0,
                53.0,
                0,
                0,
                0,
                0
            ],
            "velocity": [
                0,
                25.0,
                25.0,
                25.0,
                25.0,
                25.0,
                25.0,
                25.0,
                25.0,
                25.0,
                25.0,
                25.0,
                25.0,
                25.0,
                0,
                0,
                0,
                0
            ],
            "duration": [
                0,
                0.11363636363636363,
                0.11363636363636363,
                0.14090909090909093,
                0.14090909090909093,
                0.14090909090909093,
                0.4045454545454545,
                0.4045454545454545,
                0.4045454545454545,
                0.4045454545454545,
                0.4045454545454545,
                0.4045454545454545,
                0.4045454545454545,
                0.4045454545454545,
                0,
                0,
                0,
                0
            ],
            "tempo": [
                120.0,
                120.0,
                120.0,
                120.0,
                120.0,
                120.0,
                120.0,
                120.0,
                120.0,
                120.0,
                120.0,
                120.0,
                120.0,
                120.0,
                120.0,
                120.0,
                120.0,
                120.0
            ]
        }
    }
}