{
    "mood": "happy",
    "instruments": {
        "Acoustic Grand Piano": {
            "pitch": [
                0,
                0,
                0,
                67.0,
                67.0,
                65.0,
                65.0,
                0,
                70.0,
                70.0,
                75.0,
                75.0,
                0,
                80.0,
                80.0,
                72.0,
                72.0,
                0,
                79.0,
                79.0,
                79.0,
                79.0,
                79.0,
                79.0,
                79.0,
                79.0,
                79.0,
                79.0,
                79.0,
                79.0,
                79.0,
                79.0,
                79.0,
                79.0,
                79.0,
                79.0,
                79.0,
                79.0,
                79.0,
                79.0,
                79.0,
                79.0,
                79.0,
                79.0
            ],
            "velocity": [
                0,
                0,
                0,
                32.0,
                32.0,
                32.0,
                32.0,
                0,
                32.0,
                32.0,
                32.0,
                32.0,
                0,
                32.0,
                32.0,
                32.0,
                32.0,
                0,
                32.0,
                32.0,
                32.0,
                32.0,
                32.0,
                32.0,
                32.0,
                32.0,
                32.0,
                32.0,
                32.0,
                32.0,
                32.0,
                32.0,
                32.0,
                32.0,
                32.0,
                32.0,
                32.0,
                32.0,
                32.0,
                32.0,
                32.0,
                32.0,
                32.0,
                32.0
            ],
            "duration": [
                0,
                0,
                0,
                0.07727272727272727,
                0.07727272727272727,
                0.09318181818181814,
                0.09318181818181814,
                0,
                0.09318181818181814,
                0.09318181818181814,
                0.0931818181818182,
                0.0931818181818182,
                0,
                0.09318181818181814,
                0.09318181818181814,
                0.09318181818181814,
                0.09318181818181814,
                0,
                1.2909090909090906,
                1.2909090909090906,
                1.2909090909090906,
                1.2909090909090906,
                1.2909090909090906,
                1.2909090909090906,
                1.2909090909090906,
                1.2909090909090906,
                1.2909090909090906,
                1.2909090909090906,
                1.2909090909090906,
                1.2909090909090906,
                1.2909090909090906,
                1.2909090909090906,
                1.2909090909090906,
                1.2909090909090906,
                1.2909090909090906,
                1.2909090909090906,
                1.2909090909090906,
                1.2909090909090906,
                1.2909090909090906,
                1.2909090909090906,
                1.2909090909090906,
                1.2909090909090906,
                1.2909090909090906,
                1.2909090909090906
            ],
            "tempo": [
                120.0,
                120.0,
                120.0,
                120.0,
                120.0,
                120.0,
                120.0,
                120.0,
                120.0,
                120.0,
                120.0,
                120.0,
                120.0,
                120.0,
                120.0,
                120.0,
                120.0,
                120.0,
                120.0,
                120.0,
                120.0,
                120.0,
                120.0,
                120.0,
                120.0,
                120.0,
                120.0,
                120.0,
                120.0,
                120.0,
                120.0,
                120.0,
                120.0,
                120.0,
                120.0,
                120.0,
                120.0,
                120.0,
                120.0,
                120.0,
                120.0,
                120.0,
                120.0,
                120.0
            ]
        },
        "Electric Guitar (clean)": {
            "pitch": [
                0,
                31.0,
                38.0,
                38.0,
                35.0,
                35.0,
                0,
                38.0,
                0,
                39.0,
                39.0,
                0,
                31.0,
                0,
                36.0,
                36.0,
                36.0,
                36.0,
                36.0,
                36.0,
                36.0,
                36.0,
                36.0,
                36.0,
                36.0,
                36.0,
                36.0,
                36.0,
                36.0,
                36.0,
                36.0,
                36.0,
                36.0,
                36.0,
                36.0,
                36.0,
                36.0,
                0,
                0,
                0,
                0,
                0,
                0,
                0
            ],
            "velocity": [
                0,
                51.0,
                51.0,
                51.0,
                51.0,
                51.0,
                0,
                51.0,
                0,
                51.0,
                51.0,
                0,
                51.0,
                0,
                51.0,
                51.0,
                51.0,
                51.0,
                51.0,
                51.0,
                51.0,
                51.0,
                51.0,
                51.0,
                51.0,
                51.0,
                51.0,
                51.0,
                51.0,
                51.0,
                51.0,
                51.0,
                51.0,
                51.0,
                51.0,
                51.0,
                51.0,
                0,
                0,
                0,
                0,
                0,
                0,
                0
            ],