{
    "mood": "happy",
    "instruments": {
        "Clarinet": {
            "pitch": [
                0,
                67.0,
                0,
                0,
                0,
                67.0,
                0,
                72.0,
                0,
                72.0,
                0,
                72.0,
                0,
                76.0,
                0,
                72.0,
                0,
                76.0,
                0,
                79.0,
                79.0,
                79.0,
                79.0,
                79.0,
                79.0,
                79.0,
                79.0,
                79.0,
                79.0,
                79.0,
                79.0,
                79.0,
                79.0,
                79.0,
                79.0,
                79.0
            ],
            "velocity": [
                0,
                64.0,
                0,
                0,
                0,
                64.0,
                0,
                64.0,
                0,
                64.0,
                0,
                64.0,
                0,
                64.0,
                0,
                64.0,
                0,
                64.0,
                0,
                64.0,
                64.0,
                64.0,
                64.0,
                64.0,
                64.0,
                64.0,
                64.0,
                64.0,
                64.0,
                64.0,
                64.0,
                64.0,
                64.0,
                64.0,
                64.0,
                64.0
            ],
            "duration": [
                0,
                0.08409090909090908,
                0,
                0,
                0,
                0.08409090909090908,
                0,
                0.0840909090909091,
                0,
                0.0840909090909091,
                0,
                0.0840909090909091,
                0,
                0.0840909090909091,
                0,
                0.084090909090909,
                0,
                0.0840909090909091,
                0,
                0.8840909090909089,
                0.8840909090909089,
                0.8840909090909089,
                0.8840909090909089,
                0.8840909090909089,
                0.8840909090909089,
                0.8840909090909089,
                0.8840909090909089,
                0.8840909090909089,
                0.8840909090909089,
                0.8840909090909089,
                0.8840909090909089,
                0.8840909090909089,
                0.8840909090909089,
                0.8840909090909089,
                0.8840909090909089,
                0.8840909090909089
            ],
            "tempo": [
                120.0,
                120.0,
                120.0,
                120.0,
                120.0,
                120.0,
                120.0,
                120.0,
                120.0,
                120.0,
                120.0,
                120.0,
                120.0,
                120.0,
                120.0,
                120.0,
                120.0,
                120.0,
                120.0,
                120.0,
                120.0,
                120.0,
                120.0,
                120.0,
                120.0,
                120.0,
                120.0,
                120.0,
                120.0,
                120.0,
                120.0,
                120.0,
                120.0,
                120.0,
                120.0,
                120.0
            ]
        },
        "Acoustic Bass": {
            "pitch": [
                0,
                36.0,
                36.0,
                36.0,
                0,
                43.0,
                0,
                36.0,
                36.0,
                36.0,
                36.0,
                36.0,
                0,
                37.0,
                37.0,
                37.0,
                37.0,
                37.0,
                0,
                36.0,
                36.0,
                36.0,
                36.0,
                36.0,
                36.0,
                36.0,
                36.0,
                36.0,
                36.0,
                36.0,
                36.0,
                36.0,
                36.0,
                36.0,
                36.0,
                36.0
            ],
            "velocity": [
                0,
                51.0,
                51.0,
                51.0,
                0,
                51.0,
                0,
                51.0,
                51.0,
                51.0,
                51.0,
                51.0,
                0,
                51.0,
                51.0,
                51.0,
                51.0,
                51.0,
                0,
                51.0,
                51.0,
                51.0,
                51.0,
                51.0,
                51.0,
                51.0,
                51.0,
                51.0,
                51.0,
                51.0,
                51.0,
                51.0,
                51.0,
                51.0,
                51.0,
                51.0
            ],
            "duration": [
                0,
                0.18409090909090908,
                0.18409090909090908,
                0.18409090909090908,
                0,
                0.08409090909090908,
                0,
                0.28409090909090906,
                0.28409090909090906,
                0.28409090909090906,
                0.28409090909090906,
                0.28409090909090906,
                0,
                0.28409090909090917,
                0.28409090909090917,
                0.28409090909090917,
                0.28409090909090917,
                0.28409090909090917,
                0,
                0.8840909090909089,
                0.8840909090909089,
                0.8840909090909089,
                0.8840909090909089,
                0.8840909090909089,
                0.8840909090909089,
                0.8840909090909089,
                0.8840909090909089,
                0.8840909090909089,
                0.8840909090909089,
                0.8840909090909089,
                0.8840909090909089,
                0.8840909090909089,
                0.8840909090909089,
                0.8840909090909089,
                0.8840909090909089,
                0.8840909090909089
            ],
            "tempo": [
                120.0,
                120.0,
                120.0,
                120.0,
                120.0,
                120.0,
                120.0,
                120.0,
                120.0,
                120.0,
                120.0,
                120.0,
                120.0,
                120.0,
                120.0,
                120.0,
                120.0,
                120.0,
                120.0,
                120.0,
                120.0,
                120.0,
                120.0,
                120.0,
                120.0,
                120.0,
                120.0,
                120.0,
                120.0,
                120.0,
                120.0,
                120.0,
                120.0,
                120.0,
                120.0,
                120.0
            ]
        },