{
    "mood": "happy",
    "instruments": {
        "Harpsichord": {
            "pitch": [
                71.0,
                71.0,
                71.0,
                71.0,
                71.0,
                71.0,
                71.0,
                71.0,
                71.0,
                71.0,
                71.0,
                72.0,
                72.0,
                72.0,
                72.0,
                72.0,
                74.0,
                74.0,
                74.0
            ],
            "velocity": [
                80.0,
                80.0,
                80.0,
                80.0,
                80.0,
                80.0,
                80.0,
                80.0,
                80.0,
                80.0,
                80.0,
                80.0,
                80.0,
                80.0,
                80.0,
                80.0,
                80.0,
                80.0,
                80.0
            ],
            "duration": [
                0.18863636363636363,
                0.18863636363636363,
                0.18863636363636363,
                0.18863636363636363,
                0.11363636363636362,
                0.11363636363636362,
                0.11363636363636362,
                0.09999999999999998,
                0.09999999999999998,
                0.13409090909090915,
                0.13409090909090915,
                0.13409090909090904,
                0.13409090909090904,
                0.13409090909090904,
                0.11590909090909096,
                0.11590909090909096,
                0.15227272727272723,
                0.15227272727272723,
                0.15227272727272723
            ],
            "tempo": [
                120.0,
                120.0,
                120.0,
                120.0,
                120.0,
                120.0,
                120.0,
                120.0,
                120.0,
                120.0,
                120.0,
                120.0,
                120.0,
                120.0,
                120.0,
                120.0,
                120.0,
                120.0,
                120.0
            ]
        }
    }
}