{
    "mood": "relaxed",
    "instruments": {
        "Acoustic Grand Piano": {
            "pitch": [
                0,
                69.0,
                69.0,
                69.0,
                69.0,
                69.0,
                74.0,
                74.0,
                0,
                0,
                0,
                0,
                0,
                0,
                71.0,
                71.0,
                71.0,
                71.0,
                71.0,
                71.0,
                71.0,
                71.0,
                74.0,
                74.0,
                0,
                0,
                0,
                0,
                0,
                0,
                71.0,
                71.0,
                0,
                0,
                0,
                0,
                0,
                0,
                71.0,
                71.0,
                71.0,
                71.0,
                71.0,
                71.0,
                71.0,
                71.0,
                71.0,
                71.0,
                71.0,
                0,
                0,
                0,
                0
            ],
            "velocity": [
                0,
                40.0,
                40.0,
                40.0,
                40.0,
                40.0,
                40.0,
                40.0,
                0,
                0,
                0,
                0,
                0,
                0,
                40.0,
                40.0,
                40.0,
                40.0,
                40.0,
                40.0,
                40.0,
                40.0,
                40.0,
                40.0,
                0,
                0,
                0,
                0,
                0,
                0,
                40.0,
                40.0,
                0,
                0,
                0,
                0,
                0,
                0,
                40.0,
                40.0,
                40.0,
                40.0,
                40.0,
                40.0,
                40.0,
                40.0,
                40.0,
                40.0,
                40.0,
                0,
                0,
                0,
                0
            ],
            "duration": [
                0,
                0.24545454545454545,
                0.24545454545454545,
                0.24545454545454545,
                0.24545454545454545,
                0.24545454545454545,
                0.09772727272727272,
                0.09772727272727272,
                0,
                0,
                0,
                0,
                0,
                0,
                0.11590909090909085,
                0.11590909090909085,
                0.2704545454545454,
                0.2704545454545454,
                0.2704545454545454,
                0.2704545454545454,
                0.2704545454545454,
                0.2704545454545454,
                0.1090909090909089,
                0.1090909090909089,
                0,
                0,
                0,
                0,
                0,
                0,
                0.09772727272727266,
                0.09772727272727266,
                0,
                0,
                0,
                0,
                0,
                0,
                0.12045454545454537,
                0.12045454545454537,
                0.12045454545454537,
                0.4136363636363636,
                0.4136363636363636,
                0.4136363636363636,
                0.4136363636363636,
                0.4136363636363636,
                0.4136363636363636,
                0.4136363636363636,
                0.4136363636363636,
                0,
                0,
                0,
                0
            ],
            "tempo": [
                120.0,
                120.0,
                120.0,
                120.0,
                120.0,
                120.0,
                120.0,
                120.0,
                120.0,
                120.0,
                120.0,
                120.0,
                120.0,
                120.0,
                120.0,
                120.0,
                120.0,
                120.0,
                120.0,
                120.0,
                120.0,
                120.0,
                120.0,
                120.0,
                120.0,
                120.0,
                120.0,
                120.0,
                120.0,
                120.0,
                120.0,
                120.0,
                120.0,
                120.0,
                120.0,
                120.0,
                120.0,
                120.0,
                120.0,
                120.0,
                120.0,
                120.0,
                120.0,
                120.0,
                120.0,
                120.0,
                120.0,
                120.0,
                120.0,
                120.0,
                120.0,
                120.0,
                120.0
            ]
        },
        "Electric Guitar (clean)": {
            "pitch": [
                0,
                38.0,
                38.0,
                38.0,
                38.0,
                38.0,
                57.0,
                57.0,
                41.0,
                41.0,
                41.0,
                41.0,
                41.0,
                0,
                55.0,
                55.0,
                31.0,
                31.0,
                31.0,
                31.0,
                31.0,
                31.0,
                59.0,
                59.0,
                59.0,
                38.0,
                38.0,
                38.0,
                38.0,
                38.0,
                55.0,
                55.0,
                0,
                36.0,
                36.0,
                36.0,
                36.0,
                36.0,
                55.0,
                55.0,
                55.0,
                36.0,
                36.0,
                36.0,
                36.0,
                36.0,
                36.0,
                36.0,
                36.0,
                0,
                0,
                0,
                0
            ],
            "velocity": [
                0,
                51.0,
                51.0,
                51.0,
                51.0,
                51.0,
                51.0,
                51.0,
                51.0,
                51.0,
                51.0,
                51.0,
                51.0,
                0,
                51.0,
                51.0,
                51.0,
                51.0,
                51.0,
                51.0,
                51.0,
                51.0,
                51.0,
                51.0,
                51.0,
                51.0,
                51.0,
                51.0,
                51.0,
                51.0,
                51.0,
                51.0,
                0,
                51.0,
                51.0,
                51.0,
                51.0,
                51.0,
                51.0,
                51.0,
                51.0,
                51.0,
                51.0,
                51.0,
                51.0,
                51.0,
                51.0,
                51.0,
                51.0,
                0,
                0,
                0,
                0
            ],