{
    "mood": "sad",
    "instruments": {
        "Oboe": {
            "pitch": [
                56.0,
                59.0,
                63.0,
                63.0,
                63.0,
                0,
                62.0,
                62.0,
                62.0,
                62.0,
                59.0,
                59.0,
                59.0,
                59.0,
                59.0,
                59.0,
                0,
                0,
                60.0,
                60.0,
                60.0,
                60.0,
                60.0,
                60.0,
                0,
                0,
                56.0,
                57.0,
                59.0,
                60.0,
                62.0,
                63.0,
                65.0,
                66.0,
                68.0,
                68.0,
                68.0,
                68.0,
                68.0,
                68.0,
                0,
                0,
                67.0,
                67.0,
                67.0,
                67.0,
                67.0,
                67.0,
                67.0,
                67.0
            ],
            "velocity": [
                51.0,
                51.0,
                51.0,
                51.0,
                51.0,
                0,
                51.0,
                51.0,
                51.0,
                51.0,
                51.0,
                51.0,
                51.0,
                51.0,
                51.0,
                51.0,
                0,
                0,
                51.0,
                51.0,
                51.0,
                51.0,
                51.0,
                51.0,
                0,
                0,
                51.0,
                51.0,
                51.0,
                51.0,
                51.0,
                51.0,
                51.0,
                51.0,
                51.0,
                51.0,
                51.0,
                51.0,
                51.0,
                51.0,
                0,
                0,
                51.0,
                51.0,
                51.0,
                51.0,
                51.0,
                51.0,
                51.0,
                51.0
            ],
            "duration": [
                0.015909090909090907,
                0.015909090909090907,
                0.1477272727272727,
                0.1477272727272727,
                0.1477272727272727,
                0,
                0.1681818181818182,
                0.1681818181818182,
                0.1681818181818182,
                0.1681818181818182,
                0.29999999999999993,
                0.29999999999999993,
                0.29999999999999993,
                0.29999999999999993,
                0.29999999999999993,
                0.29999999999999993,
                0,
                0,
                0.30227272727272714,
                0.30227272727272714,
                0.30227272727272714,
                0.30227272727272714,
                0.30227272727272714,
                0.30227272727272714,
                0,
                0,
                0.031818181818181746,
                0.03409090909090917,
                0.03181818181818197,
                0.03409090909090895,
                0.031818181818181746,
                0.03409090909090917,
                0.031818181818181746,
                0.03409090909090917,
                0.30000000000000004,
                0.30000000000000004,
                0.30000000000000004,
                0.30000000000000004,
                0.30000000000000004,
                0.30000000000000004,
                0,
                0,
                0.3999999999999999,
                0.3999999999999999,
                0.3999999999999999,
                0.3999999999999999,
                0.3999999999999999,
                0.3999999999999999,
                0.3999999999999999,
                0.3999999999999999
            ],
            "tempo": [
                120.0,
                120.0,
                120.0,
                120.0,
                120.0,
                120.0,
                120.0,
                120.0,
                120.0,
                120.0,
                120.0,
                120.0,
                120.0,
                120.0,
                120.0,
                120.0,
                120.0,
                120.0,
                120.0,
                120.0,
                120.0,
                120.0,
                120.0,
                120.0,
                120.0,
                120.0,
                120.0,
                120.0,
                120.0,
                120.0,
                120.0,
                120.0,
                120.0,
                120.0,
                120.0,
                120.0,
                120.0,
                120.0,
                120.0,
                120.0,
                120.0,
                120.0,
                120.0,
                120.0,
                120.0,
                120.0,
                120.0,
                120.0,
                120.0,
                120.0
            ]
        },
        "Lead 2 (sawtooth)": {
            "pitch": [
                80.0,
                83.0,
                87.0,
                87.0,
                87.0,
                0,
                86.0,
                86.0,
                86.0,
                86.0,
                83.0,
                83.0,
                83.0,
                83.0,
                83.0,
                83.0,
                0,
                0,
                84.0,
                84.0,
                84.0,
                84.0,
                84.0,
                84.0,
                0,
                0,
                80.0,
                81.0,
                83.0,
                84.0,
                86.0,
                87.0,
                89.0,
                90.0,
                92.0,
                92.0,
                92.0,
                92.0,
                92.0,
                92.0,
                0,
                0,
                91.0,
                91.0,
                91.0,
                91.0,
                91.0,
                91.0,
                91.0,
                91.0
            ],
            "velocity": [
                51.0,
                51.0,
                51.0,
                51.0,
                51.0,
                0,
                51.0,
                51.0,
                51.0,
                51.0,
                51.0,
                51.0,
                51.0,
                51.0,
                51.0,
                51.0,
                0,
                0,
                51.0,
                51.0,
                51.0,
                51.0,
                51.0,
                51.0,
                0,
                0,
                51.0,
                51.0,
                51.0,
                51.0,
                51.0,
                51.0,
                51.0,
                51.0,
                51.0,
                51.0,
                51.0,
                51.0,
                51.0,
                51.0,
                0,
                0,
                51.0,
                51.0,
                51.0,
                51.0,
                51.0,
                51.0,
                51.0,
                51.0
            ],