{
    "mood": "happy",
    "instruments": {
        "Lead 2 (sawtooth)": {
            "pitch": [
                0,
                0,
                0,
                65.0,
                67.0,
                67.0,
                0,
                64.0,
                64.0,
                0,
                65.0,
                64.0,
                65.0,
                0,
                67.0,
                65.0,
                65.0,
                65.0,
                65.0
            ],
            "velocity": [
                0,
                0,
                0,
                64.0,
                64.0,
                64.0,
                0,
                64.0,
                64.0,
                0,
                64.0,
                64.0,
                64.0,
                0,
                64.0,
                64.0,
                64.0,
                64.0,
                64.0
            ],
            "duration": [
                0,
                0,
                0,
                0.036363636363636376,
                0.10000000000000003,
                0.10000000000000003,
                0,
                0.09999999999999998,
                0.09999999999999998,
                0,
                0.04999999999999993,
                0.050000000000000044,
                0.050000000000000044,
                0,
                0.050000000000000044,
                0.19999999999999996,
                0.19999999999999996,
                0.19999999999999996,
                0.19999999999999996
            ],
            "tempo": [
                120.0,
                120.0,
                120.0,
                120.0,
                120.0,
                120.0,
                120.0,
                120.0,
                120.0,
                120.0,
                120.0,
                120.0,
                120.0,
                120.0,
                120.0,
                120.0,
                120.0,
                120.0,
                120.0
            ]
        },
        "Church Organ": {
            "pitch": [
                0,
                0,
                0,
                77.0,
                79.0,
                79.0,
                0,
                76.0,
                76.0,
                0,
                77.0,
                76.0,
                77.0,
                0,
                79.0,
                77.0,
                77.0,
                77.0,
                77.0
            ],
            "velocity": [
                0,
                0,
                0,
                32.0,
                32.0,
                32.0,
                0,
                32.0,
                32.0,
                0,
                32.0,
                32.0,
                32.0,
                0,
                32.0,
                32.0,
                32.0,
                32.0,
                32.0
            ],
            "duration": [
                0,
                0,
                0,
                0.036363636363636376,
                0.10000000000000003,
                0.10000000000000003,
                0,
                0.09999999999999998,
                0.09999999999999998,
                0,
                0.04999999999999993,
                0.050000000000000044,
                0.050000000000000044,
                0,
                0.050000000000000044,
                0.19999999999999996,
                0.19999999999999996,
                0.19999999999999996,
                0.19999999999999996
            ],
            "tempo": [
                120.0,
                120.0,
                120.0,
                120.0,
                120.0,
                120.0,
                120.0,
                120.0,
                120.0,
                120.0,
                120.0,
                120.0,
                120.0,
                120.0,
                120.0,
                120.0,
                120.0,
                120.0,
                120.0
            ]
        },
        "Synth Bass 1": {
            "pitch": [
                0,
                0,
                0,
                0,
                46.0,
                46.0,
                46.0,
                46.0,
                0,
                0,
                45.0,
                45.0,
                43.0,
                43.0,
                0,
                41.0,
                41.0,
                41.0,
                41.0
            ],
            "velocity": [
                0,
                0,
                0,
                0,
                64.0,
                64.0,
                64.0,
                64.0,
                0,
                0,
                64.0,
                64.0,
                64.0,
                64.0,
                0,
                64.0,
                64.0,
                64.0,
                64.0
            ],
            "duration": [
                0,
                0,
                0,
                0,
                0.2,
                0.2,
                0.2,
                0.2,
                0,
                0,
                0.09999999999999998,
                0.09999999999999998,
                0.09999999999999998,
                0.09999999999999998,
                0,
                0.19999999999999996,
                0.19999999999999996,
                0.19999999999999996,
                0.19999999999999996
            ],
            "tempo": [
                120.0,
                120.0,
                120.0,
                120.0,
                120.0,
                120.0,
                120.0,
                120.0,
                120.0,
                120.0,
                120.0,
                120.0,
                120.0,
                120.0,
                120.0,
                120.0,
                120.0,
                120.0,
                120.0
            ]
        }
    }
}