File,Tempo,Beat Variability,Pitch Consistency,Harmonicity,Melodic Contour
song.wav,[139.67483108],1.0770329614269007,0.043987106531858444,0.0001347997458651662,8.351325988769531
