File,Tempo,Beat Variability,Pitch Consistency,Harmonicity,Melodic Contour,Mood
output.wav,[84.72079918],4.4333558330452805,0.08711306005716324,0.00035111847682856023,0.009222593158483505,
output1.wav,[114.84375],3.1700028545470103,0.09540269523859024,0.0003936926950700581,0.0009158402099274099,
output2.wav,[89.10290948],6.265336738312191,0.06699695438146591,0.00020508952729869634,4.696565883932635e-05,
output3.wav,[103.359375],2.0482956923096562,0.02486337535083294,6.164712249301374e-05,0.001251464243978262,
output4.wav,[103.359375],0.5153882032022076,0.02592296712100506,6.113784911576658e-05,0.0012449510395526886,
song.wav,[139.67483108],1.0770329614269007,0.04398711025714874,0.0001347997458651662,8.351325988769531,
