File,Predicted Mood,Pitch Consistency,Duration Consistency,Offset Variance,Melodic Contour,Note Density,Dynamic Range,Melody Score,Harmony Score,Rhythm Score,Overall Structure Score,Quality Score
output.mid,Neutral,6.413032365970418,12.614693329799108,186.83221476510067,17.39189189189189,2.36381218437735,95,0.2134305310820545,75.0,0.08462503259328319,97.36381218437735,3.9173716426336656
output1.mid,Neutral,7.200146197346127,25.79983680078943,390.0872483221477,8.486486486486486,1.1340401037818506,107,0.25672046368575446,75.0,0.04132346416808585,108.13404010378186,-0.5120103788608776
output2.mid,Sad,13.435028842544403,28.56821410489037,170.751677852349,8.66891891891892,2.5903685387966546,0,0.1897869303246782,75.0,0.04086039599022038,2.5903685387966546,2.7092231077959914
output3.mid,Neutral,19.79898987322333,62.22539674441618,85.25628140703517,5.58080808080808,5.160079746686999,0,0.2296931475896015,100.0,0.027799949698341826,5.160079746686999,1.5359824803818403
output4.mid,Angry,24.041630560342615,73.45973954033144,85.33668341708542,5.429292929292929,5.15645142388375,0,0.22578056305201308,100.0,0.02533118875084425,5.15645142388375,0.47999468573940474
output_30.mid,Neutral,10.430142798057885,21.514114968019086,69.70707070707071,5.428571428571429,10.989010989010989,37,0.28008649075476166,33.333333333333336,0.060826859578415805,47.98901098901099,6.190866027323775
output_30_1.mid,Neutral,5.661289259385303,25.621611326514305,255.859437751004,12.326612903225806,2.844214608920492,107,0.2577634960393175,41.666666666666664,0.04293794753557823,109.8442146089205,-0.014551104940913051
output_30_2.mid,Neutral,6.557438524302,16.915328617735714,334.3489932885906,9.797297297297296,1.5808383233532937,61,0.25456753584984604,37.5,0.0621088633450164,62.58083832335329,5.8927811944335655
output_30_3.mid,Neutral,4.961288046965961,14.221044098029349,71.78787878787878,9.36734693877551,10.242085661080074,37,0.30831437322718847,33.333333333333336,0.08424825318881381,47.242085661080075,6.656915985384477
