File,Predicted Mood,Pitch Consistency,Duration Consistency,Offset Variance,Melodic Contour,Note Density,Dynamic Range,Melody Score,Harmony Score,Rhythm Score,Overall Structure Score
output copy.mid,Neutral,6.413032365970418,12.614693329799108,186.83221476510067,17.39189189189189,2.36381218437735,95,0.2134305310820545,75.0,0.08462503259328319,97.36381218437735
output.mid,Neutral,4.634241089562614,10.57250101810247,47.42857142857143,12.041666666666666,9.286618826509079,0,0.29883004451895057,25.0,0.11566933651731234,9.286618826509079
output1.mid,Neutral,7.200146197346127,25.79983680078943,390.0872483221477,8.486486486486486,1.1340401037818506,107,0.25672046368575446,75.0,0.04132346416808585,108.13404010378186
output2.mid,Sad,13.435028842544403,28.56821410489037,170.751677852349,8.66891891891892,2.5903685387966546,0,0.1897869303246782,75.0,0.04086039599022038,2.5903685387966546
output3.mid,Neutral,19.79898987322333,62.22539674441618,85.25628140703517,5.58080808080808,5.160079746686999,0,0.2296931475896015,100.0,0.027799949698341826,5.160079746686999
output4.mid,Angry,24.041630560342615,73.45973954033144,85.33668341708542,5.429292929292929,5.15645142388375,0,0.22578056305201308,100.0,0.02533118875084425,5.15645142388375
