File,Russell's Mood,Melody Score,Harmony Score,Rhythm Score,Overall Structure Score,Quality Score
angry_20240718_225813_output.mid,Happy,15.595726875865969,237.4,0.13610723514485845,131.67302885707838,75.177
happy_20240718_224943_output.mid,Relaxed,501.00408732243466,200.8,0.09681555938508005,66.9231934555374,77.157
happy_20240718_225813_output.mid,Happy,5.847690380365088,194.4,0.15339035707061097,118.17791411042981,75.246
relaxed_20240718_224943_output.mid,Relaxed,0.0,0.0,0.0,0.0,8.807
relaxed_20240718_225813_output.mid,Relaxed,81.0084577603404,6.6,0.09681555938508005,3.299250170415827,25.0
sad_20240718_224943_output.mid,Relaxed,10.367107649415672,54.2,0.13922525143745942,43.09384230856634,39.53
sad_20240718_225813_output.mid,Relaxed,33.42719641466102,134.0,0.09681555938508005,77.98477618723042,53.774
sad_20240719_024250_output.mid,Happy,0.8173956796404618,45.4,0.055354953272471384,38.694842081345236,22.388
