File,Predicted Mood,Pitch Consistency,Duration Consistency,Offset Variance,Melodic Contour,Note Density,Dynamic Range,Melody Score,Harmony Score,Rhythm Score,Overall Structure Score,Quality Score
output.mid,Angry,8.502614415670394,421.69579650201877,8216.146508532112,11.7338254277638,2.36381218437735,95,0.2028345827227791,75.0,0.0024930892399445226,97.36381218437735,3.2040811273427514
output1.mid,Angry,7.778465080956521,874.4370794181234,21744.451903574063,8.927383041329879,1.1340401037818506,107,0.24057497714694076,75.0,0.0011895816019081061,108.13404010378186,3.241169767947895
output2.mid,Angry,5.102199376616637,59.41708979144062,7290.64599090492,6.729794381278933,2.5903685387966546,0,0.3445868589360538,75.0,0.01696733673405293,2.5903685387966546,3.35307052730308
output3.mid,Angry,2.481590509589854,37.36042568059384,4936.460030799236,3.7435968038228165,5.160079746686999,0,0.6700901534605876,100.0,0.026968864626550657,5.160079746686999,3.683574585773863
output4.mid,Angry,2.4697923742410612,36.93292813878318,4938.196022817834,3.692744729379982,5.15645142388375,0,0.6756936145991586,100.0,0.027278612424980753,5.15645142388375,3.689332920811649
output_30.mid,Angry,16.731920742017987,58.53385362507768,2043.1748144305307,5.775715979268785,10.989010989010989,37,0.23290470907016203,33.333333333333336,0.017573564983244847,47.98901098901099,3.2416914915617845
output_30_1.mid,Angry,20.95913637510767,566.3498164867171,24356.367106854657,12.82465430332299,2.844214608920492,107,0.12568670091531237,41.666666666666664,0.0018067501911533754,109.8442146089205,3.1265900760108893
output_30_2.mid,Angry,20.297100882898505,1177.0504823821545,19792.342360008686,10.40831983138087,1.5808383233532937,61,0.14534510602657075,37.5,0.0009001058237584262,62.58083832335329,3.1457951589384496
output_30_3.mid,Angry,13.981008041575036,53.444840818370956,2005.8255308480893,7.7201757216103415,10.242085661080074,37,0.20105633119789362,33.333333333333336,0.019209427787724637,47.242085661080075,3.210661045091756
