File,Pitch Consistency,Duration Consistency,Offset Variance,Melodic Contour,Midi Stream,Note Density,Dynamic Range
generated_music.mid,3.271085446759225,1.8333333333333333,0.9739583333333334,4.666666666666667,,,
generated_music2.mid,4.226897995772629,4.527692569068709,0.9529914529914528,27.105263157894736,,,
output copy.mid,6.354080470401569,14.667261892683701,1.13109756097561,16.0920245398773,,1.3060686015831142,95.0
output.mid,4.7559486560567095,8.020806277010644,0.6975308641975309,21.846153846153847,,3.652173913043479,0.0
output1.mid,8.816252933614921,14.529920064305196,0.9462233169129731,8.376237623762377,,0.7671576308367293,107.0
output2.mid,15.146899729930592,10.828973481667902,1.249448123620309,3.2333333333333334,,1.300071275837492,0.0
output3.mid,20.506096654409877,51.91900743786743,0.6771844660194173,5.487804878048781,,2.4642857142857157,0.0
output4.mid,24.748737341529164,50.26844603393531,0.6782852564102566,5.386473429951691,,2.493041749502983,0.0
