File,Predicted Mood,Pitch Consistency,Duration Consistency,Offset Variance,Melodic Contour,Note Density,Dynamic Range,Melody Score,Harmony Score,Rhythm Score,Overall Structure Score,Quality Score
output.mid,Angry,8.47422497275644,420.28779325071474,8188.713555457495,11.69438388615772,2.36381218437735,95,0.20351602332742316,75.0,0.002501441321094638,97.36381218437735,3.20476674398797
output1.mid,Angry,7.752493505676451,871.5174149085541,21671.849190357523,8.897374946201339,1.1340401037818506,107,0.24138345700818703,75.0,0.0011935668110673427,108.13404010378186,3.241980240413721
output2.mid,Angry,5.085163604928448,59.21870162560323,7266.303198435914,6.707173159689806,2.5903685387966546,0,0.34574461486888963,75.0,0.017024178892381486,2.5903685387966546,3.3542567043150804
output3.mid,Angry,2.4753787588973126,37.26690757226846,4924.103415597605,3.734178935308402,5.160079746686999,0,0.6717750684345946,100.0,0.027036540679323953,5.160079746686999,3.6852933387742564
output4.mid,Angry,2.4636101558485266,36.84048011359244,4925.835062197577,3.683454790815261,5.15645142388375,0,0.6773926375402246,100.0,0.027347065763288433,5.15645142388375,3.691066170421869
output_30.mid,Angry,16.648050936971572,58.24044900239008,2032.9332721710275,5.746471659817705,10.989010989010989,37,0.2340869178505996,33.333333333333336,0.017662097357076193,47.98901098901099,3.242917966529138
output_30_1.mid,Angry,20.917176100037977,565.2159818830321,24307.60556223702,12.798876077654146,2.844214608920492,107,0.12593946104793938,41.666666666666664,0.0018103745682987622,109.8442146089205,3.1268446483320886
output_30_2.mid,Angry,20.22933074083822,1173.1204197163886,19726.257559958558,10.373333783377511,1.5808383233532937,61,0.14583419678950613,37.5,0.0009031212621002519,62.58083832335329,3.1462857574205563
output_30_3.mid,Angry,13.91092735945379,53.17694519244218,1995.771204221566,7.681085973113077,10.242085661080074,37,0.2020758576859316,33.333333333333336,0.019306201336154367,47.242085661080075,3.2117289583540085
