{
    "track_id": "Columns (FM) - 07 - Concilation",
    "mood": "relaxed",
    "instruments": {
        "French Horn": [
            {
                "start_time": 0.03636363636363636,
                "end_time": 1.2795454545454545,
                "pitch": 61,
                "velocity": 80,
                "duration": 1.2431818181818182,
                "tempo": 120.0
            },
            {
                "start_time": 1.2795454545454545,
                "end_time": 2.4863636363636363,
                "pitch": 69,
                "velocity": 80,
                "duration": 1.2068181818181818,
                "tempo": 120.0
            },
            {
                "start_time": 2.4863636363636363,
                "end_time": 3.0977272727272727,
                "pitch": 65,
                "velocity": 80,
                "duration": 0.6113636363636363,
                "tempo": 120.0
            },
            {
                "start_time": 3.0977272727272727,
                "end_time": 3.693181818181818,
                "pitch": 71,
                "velocity": 80,
                "duration": 0.5954545454545452,
                "tempo": 120.0
            }
        ]
    }
}